Sex,Age,Race,Ethnicity,Location,Date/Time,Source,Search,Outcome,Officer,Badge,Other Officer,Other Badge
MALE,36,WHITE,NOT OF HISPANIC ORIGIN,101 FALLS BLVD,11/18/18 16:18,,,,"GOLDRICK, JAMES",7157,,
MALE,52,WHITE,NOT OF HISPANIC ORIGIN,101 FALLS BLVD,11/18/18 16:18,,,,"GOLDRICK, JAMES",7157,,
MALE,40,WHITE,NOT OF HISPANIC ORIGIN,0 LARRY ST,9/5/18 13:11,,,,", ",,,
,47,,,100 QUINCY AV,10/27/18 18:25,,,,", ",,,
MALE,62,WHITE,NOT OF HISPANIC ORIGIN,475 HANCOCK ST,9/16/18 18:36,,,,", ",,,
MALE,34,BLACK,NOT OF HISPANIC ORIGIN,208 SCHOOL ST,11/26/18 20:01,,,,", ",,,
MALE,22,WHITE,HISPANIC ORIGIN,2 WARWICK ST,11/28/18 7:29,,,,"RUGGIERO, JUSTIN",7821,,
MALE,28,WHITE,HISPANIC ORIGIN,2 WARWICK ST,11/28/18 7:29,,,,"RUGGIERO, JUSTIN",7821,,
MALE,44,WHITE,HISPANIC ORIGIN,2 WARWICK ST,11/28/18 7:29,,,,"RUGGIERO, JUSTIN",7821,,
MALE,42,WHITE,NOT OF HISPANIC ORIGIN,0 ADAMS ST,12/7/18 2:22,,,,", ",,,
MALE,,BLACK,HISPANIC ORIGIN,0 CITY WIDE,12/10/18 0:00,B&E DWELLING CREW,,,"MENZ, JAMES",5298,,
MALE,25,BLACK,UNKNOWN,0 CITY WIDE,12/10/18 0:00,B&E DWELLING CREW,,,"MENZ, JAMES",5298,,
MALE,27,BLACK,UNKNOWN,0 CITY WIDE,12/10/18 0:00,B&E DWELLING CREW,,,"MENZ, JAMES",5298,,
MALE,28,BLACK,HISPANIC ORIGIN,0 CITY WIDE,12/10/18 0:00,B&E DWELLING CREW,,,"MENZ, JAMES",5298,,
MALE,28,BLACK,UNKNOWN,0 CITY WIDE,12/10/18 0:00,B&E DWELLING CREW,,,"MENZ, JAMES",5298,,
MALE,44,BLACK,UNKNOWN,0 CITY WIDE,12/10/18 0:00,B&E DWELLING CREW,,,"MENZ, JAMES",5298,,
MALE,32,BLACK,NOT OF HISPANIC ORIGIN,0 CENTRE ST,1/7/19 0:49,,,,"DUGGAN, TIMOTHY",8411,,
MALE,37,BLACK,UNKNOWN,0 CENTRE ST,1/7/19 0:49,,,,"DUGGAN, TIMOTHY",8411,,
MALE,29,WHITE,UNKNOWN,2 HANCOCK ST,1/18/19 10:30,,,,"MENZ, JAMES",5298,,
MALE,32,WHITE,UNKNOWN,267 HANCOCK ST,1/12/19 5:45,,,,"DOUGAN, MICHAEL",5897,,
MALE,56,WHITE,NOT OF HISPANIC ORIGIN,80 INDEPENDENCE AV,2/10/19 9:04,,,,"MENZ, JAMES",5298,,
MALE,20,BLACK,UNKNOWN,0 HUNT ST,2/13/19 10:20,,,,"MENZ, JAMES",5298,,
MALE,22,WHITE,NOT OF HISPANIC ORIGIN,0 HUNT ST,2/13/19 10:20,,,,"MENZ, JAMES",5298,,
MALE,29,UNKNOWN,HISPANIC ORIGIN,0 SOUTHERN ARTERY,3/4/19 18:27,,,,"GOYETTE, GREGORY",6759,,
FEMALE,27,BLACK,UNKNOWN,75 SCOTCH POND PL,3/7/19 11:37,,,,"MENZ, JAMES",5298,,
MALE,31,BLACK,UNKNOWN,75 SCOTCH POND PL,3/7/19 11:37,,,,"MENZ, JAMES",5298,,
MALE,35,WHITE,NOT OF HISPANIC ORIGIN,42 BEALE ST,3/9/19 12:38,,,,"MENZ, JAMES",5298,,
MALE,38,ASIAN/PACIFIC ISLANDER,NOT OF HISPANIC ORIGIN,63 MONTCLAIR AV,3/13/19 0:00,,,,"MENZ, JAMES",5298,,
MALE,47,WHITE,UNKNOWN,63 MONTCLAIR AV,3/13/19 0:00,,,,"MENZ, JAMES",5298,,
MALE,61,WHITE,NOT OF HISPANIC ORIGIN,18 POPLAR RD,3/18/19 16:10,,,,"MENZ, JAMES",5298,,
FEMALE,58,WHITE,NOT OF HISPANIC ORIGIN,18 POPLAR RD,3/15/19 15:00,,,,"MENZ, JAMES",5298,,
MALE,26,WHITE,UNKNOWN,1385 HANCOCK ST,3/15/19 9:30,,YES,,"POTTER, CHERYL",4371,,
MALE,54,WHITE,UNKNOWN,599 BURGIN PRKWY EXT,3/15/19 18:30,,,,"MCCORMACK, SEAN",5210,,
MALE,36,BLACK,NOT OF HISPANIC ORIGIN,395 WATER ST,3/20/19 4:48,,YES,,"KARVELIS, JAMES",1783,,
MALE,26,WHITE,NOT OF HISPANIC ORIGIN,73 STEWART ST,3/20/19 5:49,,YES,,", ",,,
MALE,31,WHITE,NOT OF HISPANIC ORIGIN,495 SOUTHERN ARTERY,2/4/19 3:44,,,,"FOLAN, PATRICK",6621,,
MALE,49,WHITE,NOT OF HISPANIC ORIGIN,105 DOANE ST,4/1/19 14:00,,,,"MENZ, JAMES",5298,,
FEMALE,31,WHITE,NOT OF HISPANIC ORIGIN,,4/12/19 0:00,SHOPLIFTING RING,,,"MENZ, JAMES",5298,,
MALE,18,BLACK,NOT OF HISPANIC ORIGIN,735 SEA ST,4/13/19 10:20,POSS. FIREARM POSSESSION,,,"MENZ, JAMES",5298,,
MALE,63,BLACK,NOT OF HISPANIC ORIGIN,735 SEA ST,4/13/19 10:20,POSS. FIREARM POSSESSION,,,"MENZ, JAMES",5298,,
MALE,35,WHITE,HISPANIC ORIGIN,275 HANCOCK ST,4/2/19 0:00,,,,"MILLIKEN, SEAN",8993,,
MALE,26,BLACK,NOT OF HISPANIC ORIGIN,69 TAFFRAIL RD,4/19/19 0:00,,,,"MENZ, JAMES",5298,,
MALE,22,WHITE,NOT OF HISPANIC ORIGIN,36 CURLEW RD,5/2/19 0:00,INFO FROM HINGHAM PD,,,"MENZ, JAMES",5298,,
MALE,26,BLACK,HISPANIC ORIGIN,200 HANCOCK ST,5/6/19 19:09,,,,"MCCORMACK, SEAN",5210,,
MALE,27,BLACK,HISPANIC ORIGIN,200 HANCOCK ST,5/6/19 19:09,,,,"MCCORMACK, SEAN",5210,,
MALE,28,BLACK,HISPANIC ORIGIN,200 HANCOCK ST,5/6/19 19:09,,,,"MCCORMACK, SEAN",5210,,
MALE,50,BLACK,NOT OF HISPANIC ORIGIN,0 FALLS BLVD,5/10/19 16:50,,,,"GOLDRICK, JAMES",7157,,
FEMALE,33,WHITE,UNKNOWN,1445 HANCOCK ST,5/10/19 20:51,,,,"GOYETTE, GREGORY",6759,,
MALE,38,WHITE,UNKNOWN,1445 HANCOCK ST,5/10/19 20:51,,,,"GOYETTE, GREGORY",6759,,
MALE,24,WHITE,NOT OF HISPANIC ORIGIN,267 HANCOCK ST,5/10/19 0:03,,,,", ",,,
MALE,26,WHITE,UNKNOWN,267 HANCOCK ST,5/10/19 0:03,,,,", ",,,
MALE,32,WHITE,NOT OF HISPANIC ORIGIN,267 HANCOCK ST,5/10/19 0:03,,,,", ",,,
MALE,33,WHITE,NOT OF HISPANIC ORIGIN,267 HANCOCK ST,5/10/19 0:03,,,,", ",,,
MALE,41,WHITE,HISPANIC ORIGIN,65 NEWPORT AV,5/23/19 0:14,,,,"GRIFFIN, WILLIAM",,,
MALE,37,WHITE,NOT OF HISPANIC ORIGIN,24 BROAD ST,5/23/19 0:11,,,,"FOLAN, PATRICK",6621,,
MALE,46,BLACK,NOT OF HISPANIC ORIGIN,24 BROAD ST,5/23/19 0:11,,,,"FOLAN, PATRICK",6621,,
MALE,59,WHITE,NOT OF HISPANIC ORIGIN,24 BROAD ST,5/23/19 0:11,,,,"FOLAN, PATRICK",6621,,
MALE,30,WHITE,NOT OF HISPANIC ORIGIN,318 HANCOCK ST,5/22/19 0:32,,,,"SORGI, EVAN",7820,,
MALE,42,WHITE,NOT OF HISPANIC ORIGIN,1 SCAMMELL ST,5/30/19 0:14,,,,"CHURCH, DANNY",5487,,
MALE,51,WHITE,NOT OF HISPANIC ORIGIN,1 SCAMMELL ST,5/30/19 0:14,,,,"CHURCH, DANNY",5487,,
MALE,50,WHITE,NOT OF HISPANIC ORIGIN,0 BEALE ST,6/10/19 1:20,,,,"SORGI, EVAN",7820,,
MALE,34,WHITE,NOT OF HISPANIC ORIGIN,894 HANCOCK ST,6/19/19 0:00,,,,"MENZ, JAMES",5298,,
MALE,30,BLACK,NOT OF HISPANIC ORIGIN,2 HANCOCK ST,6/17/19 12:49,,,,"MENZ, JAMES",5298,,
MALE,24,BLACK,UNKNOWN,24 CENTRAL AV S,5/27/19 0:00,,,,", ",,,
FEMALE,40,WHITE,NOT OF HISPANIC ORIGIN,0 POND ST,7/10/19 10:15,,,,", ",,,
MALE,61,WHITE,,1305 HANCOCK ST,7/29/19 21:30,,,,", ",,,
MALE,35,WHITE,NOT OF HISPANIC ORIGIN,215 QUINCY AV,8/15/19 9:55,,,,"DOUGAN, MICHAEL",5897,,
MALE,38,WHITE,NOT OF HISPANIC ORIGIN,215 QUINCY AV,8/15/19 9:55,,,,"DOUGAN, MICHAEL",5897,,
FEMALE,49,WHITE,NOT OF HISPANIC ORIGIN,0 MANET AV,8/6/19 22:52,,,,"MENZ, JAMES",5298,,
MALE,46,WHITE,NOT OF HISPANIC ORIGIN,0 FRANKLIN ST,9/1/19 15:00,,,,"MENZ, JAMES",5298,,
MALE,56,WHITE,NOT OF HISPANIC ORIGIN,0 FRANKLIN ST,9/1/19 15:00,,,,"MENZ, JAMES",5298,,
MALE,38,WHITE,UNKNOWN,60 SUMMIT AV,9/17/19 17:55,TRESPASSING,,,"KELLY, ROBERT",2852,,
MALE,35,BLACK,HISPANIC ORIGIN,300 CENTRE ST,9/19/19 15:18,,,,"MENZ, JAMES",5298,,
FEMALE,28,WHITE,UNKNOWN,1 DENNIS F RYAN PRKWY,9/23/19 10:49,GANG FEUD,,,", ",,,
FEMALE,29,WHITE,UNKNOWN,1 DENNIS F RYAN PRKWY,9/23/19 10:49,GANG FEUD,,,", ",,,
FEMALE,30,BLACK,UNKNOWN,1 DENNIS F RYAN PRKWY,9/23/19 10:49,GANG FEUD,,,", ",,,
FEMALE,49,BLACK,UNKNOWN,1 DENNIS F RYAN PRKWY,9/23/19 10:49,GANG FEUD,,,", ",,,
FEMALE,58,BLACK,UNKNOWN,1 DENNIS F RYAN PRKWY,9/23/19 10:49,GANG FEUD,,,", ",,,
FEMALE,63,BLACK,UNKNOWN,1 DENNIS F RYAN PRKWY,9/23/19 10:49,GANG FEUD,,,", ",,,
MALE,26,BLACK,NOT OF HISPANIC ORIGIN,1 DENNIS F RYAN PRKWY,9/23/19 10:49,GANG FEUD,,,", ",,,
MALE,30,BLACK,UNKNOWN,1 DENNIS F RYAN PRKWY,9/23/19 10:49,GANG FEUD,,,", ",,,
MALE,27,WHITE,NOT OF HISPANIC ORIGIN,0 MONTCLAIR AV,7/9/19 2:25,,,,"SORGI, EVAN",7820,,
MALE,18,WHITE,NOT OF HISPANIC ORIGIN,20 RAYMOND ST,8/10/19 0:29,,,,"SWEENEY, ANDREW",4370,,
MALE,40,BLACK,NOT OF HISPANIC ORIGIN,20 RAYMOND ST,8/10/19 0:29,,,,"SWEENEY, ANDREW",4370,,
MALE,39,WHITE,NOT OF HISPANIC ORIGIN,1245 HANCOCK ST,9/24/19 14:12,TRYING TO STEAL BICYCLES,,,"HARTNETT, GREGG",5553,,
MALE,19,WHITE,NOT OF HISPANIC ORIGIN,15 DUNBARTON RD,9/25/19 3:30,,,,", ",,,
MALE,46,WHITE,NOT OF HISPANIC ORIGIN,15 DUNBARTON RD,9/25/19 3:30,,,,", ",,,
MALE,26,WHITE,NOT OF HISPANIC ORIGIN,0 ANDREWS RD,9/27/19 7:47,,,,"KEENAN, DENNIS",9571,,
MALE,33,WHITE,NOT OF HISPANIC ORIGIN,1 SEA ST,10/9/19 12:30,,,,", ",,,
MALE,45,UNKNOWN,UNKNOWN,1 SEA ST,10/9/19 12:30,,,,", ",,,
MALE,24,BLACK,UNKNOWN,0 ROGERS ST,10/5/19 16:30,,,,"MENZ, JAMES",5298,,
MALE,33,WHITE,NOT OF HISPANIC ORIGIN,0 BEALE ST,10/10/19 15:00,,,,"MENZ, JAMES",5298,,
MALE,53,WHITE,UNKNOWN,0 CHAPMAN ST,10/11/19 13:30,,,,"MENZ, JAMES",5298,,
MALE,55,WHITE,NOT OF HISPANIC ORIGIN,38 BROAD ST,10/14/19 17:46,,,,"MENZ, JAMES",5298,,
MALE,27,BLACK,UNKNOWN,98 INTERVALE ST,3/26/19 0:00,,,,"MENZ, JAMES",5298,,
FEMALE,44,BLACK,UNKNOWN,98 INTERVALE ST,9/3/19 0:00,,,,"MENZ, JAMES",5298,,
FEMALE,46,BLACK,UNKNOWN,98 INTERVALE ST,9/3/19 0:00,,,,"MENZ, JAMES",5298,,
MALE,29,WHITE,NOT OF HISPANIC ORIGIN,,10/15/19 21:33,,,,"MENZ, JAMES",5298,,
MALE,25,BLACK,UNKNOWN,80 RODMAN ST,8/1/18 0:00,,,,"MENZ, JAMES",5298,,
MALE,20,BLACK,UNKNOWN,115 FEDERAL AV,10/18/19 0:00,,,,"MENZ, JAMES",5298,,
FEMALE,44,WHITE,,479 SOUTHERN ARTERY,10/25/19 6:33,,,,"FOLAN, PATRICK",6621,,
MALE,53,WHITE,UNKNOWN,5 COTTAGE AV,10/29/19 10:23,,,,"BRANDOLINI, MICHAEL",2847,,
MALE,31,WHITE,NOT OF HISPANIC ORIGIN,65 NEWPORT AV,10/24/19 21:08,,,,"FITZGERALD, SEAN",7777,,
MALE,33,BLACK,HISPANIC ORIGIN,97 PHIPPS ST,10/30/19 6:00,SECRET SERVICE SEARCH WARRANT,,,"MENZ, JAMES",5298,,
MALE,27,BLACK,UNKNOWN,1 SEA ST,10/30/19 10:45,,,,"MENZ, JAMES",5298,,
MALE,33,BLACK,UNKNOWN,12 BRIGANTINE LN,10/31/19 11:07,,,,"MENZ, JAMES",5298,,
MALE,34,WHITE,UNKNOWN,12 BRIGANTINE LN,10/31/19 11:07,,,,"MENZ, JAMES",5298,,
MALE,50,WHITE,NOT OF HISPANIC ORIGIN,130 GRANITE ST,11/8/19 0:00,,,,"MENZ, JAMES",5298,,
MALE,28,BLACK,HISPANIC ORIGIN,819 HANCOCK ST,11/14/19 18:00,,,,"MENZ, JAMES",5298,,
MALE,39,,NOT OF HISPANIC ORIGIN,,2/27/16 0:00,,,,", ",,,
MALE,46,,NOT OF HISPANIC ORIGIN,,2/27/16 0:00,,,,", ",,,
MALE,49,ASIAN/PACIFIC ISLANDER,NOT OF HISPANIC ORIGIN,,2/27/16 0:00,,,,", ",,,
MALE,56,,NOT OF HISPANIC ORIGIN,,2/27/16 0:00,,,,", ",,,
MALE,18,BLACK,UNKNOWN,17 BROCKTON AV,11/26/19 18:58,,,,"GOLDRICK, JAMES",7157,,
MALE,18,WHITE,NOT OF HISPANIC ORIGIN,17 BROCKTON AV,11/26/19 18:58,,,,"GOLDRICK, JAMES",7157,,
MALE,54,WHITE,NOT OF HISPANIC ORIGIN,,12/4/19 0:00,,,,"MENZ, JAMES",5298,,
FEMALE,37,WHITE,NOT OF HISPANIC ORIGIN,9 BLACKWELL ST,12/7/19 22:55,,,,"MENZ, JAMES",5298,,
MALE,68,BLACK,UNKNOWN,9 BLACKWELL ST,12/7/19 22:55,,,,"MENZ, JAMES",5298,,
MALE,39,,NOT OF HISPANIC ORIGIN,166 WASHINGTON ST,12/22/19 10:00,,,,"MENZ, JAMES",5298,,
FEMALE,40,WHITE,NOT OF HISPANIC ORIGIN,65 STEWART ST,12/23/19 0:00,,,,"MENZ, JAMES",5298,,
MALE,26,BLACK,HISPANIC ORIGIN,0 PALMER ST,12/27/19 17:15,,,,"MENZ, JAMES",5298,,
MALE,55,WHITE,UNKNOWN,121 TAFFRAIL RD,1/6/20 0:00,,,,"MENZ, JAMES",5298,,
MALE,57,WHITE,NOT OF HISPANIC ORIGIN,210 ARLINGTON ST,1/6/20 0:00,,,,"MENZ, JAMES",5298,,
MALE,55,WHITE,NOT OF HISPANIC ORIGIN,,1/6/20 0:00,,,,"MENZ, JAMES",5298,,
MALE,36,WHITE,NOT OF HISPANIC ORIGIN,845 HANCOCK ST,1/14/20 21:00,,,,"MENZ, JAMES",5298,,
,,,,74 INDEPENDENCE AV,1/17/20 1:14,BROCKTON PD INTEL,,,"MENZ, JAMES",5298,,
MALE,40,UNKNOWN,HISPANIC ORIGIN,74 INDEPENDENCE AV,1/17/20 1:14,BROCKTON PD INTEL,,,"MENZ, JAMES",5298,,
MALE,51,WHITE,NOT OF HISPANIC ORIGIN,38 BROAD ST,1/23/20 8:30,ARREST WARRANT,,,"MENZ, JAMES",5298,,
FEMALE,42,WHITE,UNKNOWN,41 WEBSTER ST,1/29/20 9:15,,,,"MENZ, JAMES",5298,,
MALE,33,WHITE,NOT OF HISPANIC ORIGIN,1400 HANCOCK ST,10/31/19 22:01,,,,"GOLDRICK, JAMES",7157,,
MALE,62,WHITE,NOT OF HISPANIC ORIGIN,73 BICKNELL ST,5/13/19 16:27,,,,"GOLDRICK, JAMES",7157,,
MALE,25,WHITE,NOT OF HISPANIC ORIGIN,85 SEA ST,12/1/19 0:00,,,,"FOLAN, PATRICK",6621,,
MALE,26,,UNKNOWN,59 HENRY ST,1/30/20 13:45,,,,"MENZ, JAMES",5298,,
MALE,29,BLACK,,0 FORT ST,2/6/20 11:55,,,,"MENZ, JAMES",5298,,
MALE,53,WHITE,NOT OF HISPANIC ORIGIN,36 ADELE RD,2/14/20 12:54,SECT 12,YES,,"MENZ, JAMES",5298,,
MALE,42,WHITE,NOT OF HISPANIC ORIGIN,,1/16/20 0:00,,,,"MENZ, JAMES",5298,,
MALE,37,BLACK,HISPANIC ORIGIN,26 YARDARM LN,4/12/18 0:00,,,,"MENZ, JAMES",5298,,
MALE,48,BLACK,HISPANIC ORIGIN,26 YARDARM LN,2/21/19 0:00,,,,"MENZ, JAMES",5298,,
MALE,22,BLACK,NOT OF HISPANIC ORIGIN,0 BATTERYMARCH PRK,2/24/20 18:16,,,,"COOPER, DAVID",9539,,
MALE,23,BLACK,HISPANIC ORIGIN,0 BATTERYMARCH PRK,2/24/20 18:16,,,,"COOPER, DAVID",9539,,
MALE,25,WHITE,NOT OF HISPANIC ORIGIN,0 BATTERYMARCH PRK,2/24/20 18:16,,,,"COOPER, DAVID",9539,,
MALE,41,,NOT OF HISPANIC ORIGIN,,3/2/20 14:33,94C TRAFFICKING/HUMAN TRAFFICKING,,,"MENZ, JAMES",5298,,
MALE,45,BLACK,UNKNOWN,,2/27/20 23:43,,,,"MENZ, JAMES",5298,,
MALE,63,,,694 HANCOCK ST,3/4/20 11:20,,,,"MENZ, JAMES",5298,,
MALE,50,WHITE,NOT OF HISPANIC ORIGIN,1000 SOUTHERN ARTERY,2/28/20 0:00,ROBBERY ACTIVITY,,,"MENZ, JAMES",5298,,
FEMALE,54,BLACK,NOT OF HISPANIC ORIGIN,270 QUARRY ST,3/6/20 8:30,94C/PROSTITUTION,,,"MENZ, JAMES",5298,,
FEMALE,29,WHITE,NOT OF HISPANIC ORIGIN,530 SEA ST,3/9/20 10:45,,,,"MENZ, JAMES",5298,,
MALE,35,BLACK,UNKNOWN,220 QUINCY AV,3/10/20 11:34,SEXUAL PREDATOR,YES,,"MENZ, JAMES",5298,,
,,,,131 CHUBBUCK ST,3/13/20 8:00,,,,"BURGIO, STEPHEN",4306,,
MALE,,WHITE,HISPANIC ORIGIN,131 CHUBBUCK ST,3/13/20 8:00,,,,"BURGIO, STEPHEN",4306,,
MALE,19,BLACK,HISPANIC ORIGIN,131 CHUBBUCK ST,3/13/20 8:00,,,,"BURGIO, STEPHEN",4306,,
MALE,41,BLACK,NOT OF HISPANIC ORIGIN,131 CHUBBUCK ST,3/13/20 8:00,,,,"BURGIO, STEPHEN",4306,,
MALE,56,WHITE,NOT OF HISPANIC ORIGIN,38 RANDLETT ST,3/14/20 9:00,RESTRAINING ORDER,,,"MENZ, JAMES",5298,,
MALE,25,BLACK,NOT OF HISPANIC ORIGIN,10 WINTER ST,3/7/20 17:05,FIREARM ARREST,,,", ",,,
MALE,42,WHITE,NOT OF HISPANIC ORIGIN,61 MARTENSEN ST,2/16/20 0:00,SUSPICIOUS PAWNS,,,"MENZ, JAMES",5298,,
MALE,29,WHITE,UNKNOWN,4 PRICE ST,2/12/20 0:00,PAWN,,,"MENZ, JAMES",5298,,
FEMALE,26,WHITE,NOT OF HISPANIC ORIGIN,100 COVEWAY,3/20/20 9:38,SEARCH WARRANT,,,"MENZ, JAMES",5298,,
MALE,25,WHITE,,100 COVEWAY,3/20/20 9:38,SEARCH WARRANT,,,"MENZ, JAMES",5298,,
MALE,34,WHITE,UNKNOWN,100 COVEWAY,3/20/20 9:38,SEARCH WARRANT,,,"MENZ, JAMES",5298,,
MALE,40,WHITE,NOT OF HISPANIC ORIGIN,21 HUDSON ST,3/18/20 0:00,,,,"MENZ, JAMES",5298,,
MALE,37,WHITE,UNKNOWN,1 AVALON DR,3/17/20 0:00,PAWNS/DECENT BOP,,,"MENZ, JAMES",5298,,
MALE,36,BLACK,HISPANIC ORIGIN,20 BEACON ST,3/16/20 0:00,PAWN/DECENT MA BOP,,,"MENZ, JAMES",5298,,
MALE,40,WHITE,NOT OF HISPANIC ORIGIN,15 HARDWICK RD,3/16/20 0:00,BOSTON PAWN/QUINCY RESIDENT,,,"MENZ, JAMES",5298,,
MALE,24,WHITE,HISPANIC ORIGIN,8 CARLMARK ST,3/25/20 0:00,EXTORTION SUSPECT,,,"MENZ, JAMES",5298,,
MALE,30,BLACK,NOT OF HISPANIC ORIGIN,,2/24/20 0:00,PAWN,,,"MENZ, JAMES",5298,,
MALE,38,WHITE,NOT OF HISPANIC ORIGIN,72 NEWBURY AV,2/28/20 0:00,PAWNS,,,"MENZ, JAMES",5298,,
MALE,30,WHITE,NOT OF HISPANIC ORIGIN,15 KIDDER ST,2/23/20 0:00,PAWNS,,,"MENZ, JAMES",5298,,
MALE,28,BLACK,UNKNOWN,55 GERMAIN AV,2/20/20 0:00,PAWN,,,"MENZ, JAMES",5298,,
MALE,24,BLACK,NOT OF HISPANIC ORIGIN,32 TAFFRAIL RD,2/15/20 0:00,PAWN,,,"MENZ, JAMES",5298,,
MALE,17,BLACK,UNKNOWN,,4/3/20 0:00,POSSIBLE FIREARM POSSESSION,,,"CARTHAS, ARTHUR",5536,,
MALE,18,BLACK,NOT OF HISPANIC ORIGIN,,4/3/20 0:00,POSSIBLE FIREARM POSSESSION,,,"CARTHAS, ARTHUR",5536,,
MALE,44,WHITE,NOT OF HISPANIC ORIGIN,476 SOUTH ST,4/10/20 0:00,,,,"MENZ, JAMES",5298,,
FEMALE,23,BLACK,UNKNOWN,72 FARRINGTON ST,4/13/20 12:30,,,,"MENZ, JAMES",5298,,
FEMALE,43,BLACK,UNKNOWN,72 FARRINGTON ST,4/13/20 12:30,,,,"MENZ, JAMES",5298,,
MALE,21,BLACK,UNKNOWN,0 LANSDOWNE ST,4/8/20 19:43,GANG ACTIVITY IN QUINCY,,,"MENZ, JAMES",5298,,
MALE,24,BLACK,UNKNOWN,0 LANSDOWNE ST,4/8/20 19:43,GANG ACTIVITY IN QUINCY,,,"MENZ, JAMES",5298,,
MALE,25,BLACK,UNKNOWN,0 LANSDOWNE ST,4/8/20 19:43,GANG ACTIVITY IN QUINCY,,,"MENZ, JAMES",5298,,
MALE,27,BLACK,UNKNOWN,0 LANSDOWNE ST,4/8/20 19:43,GANG ACTIVITY IN QUINCY,,,"MENZ, JAMES",5298,,
MALE,28,BLACK,UNKNOWN,0 LANSDOWNE ST,4/8/20 19:43,GANG ACTIVITY IN QUINCY,,,"MENZ, JAMES",5298,,
MALE,30,BLACK,UNKNOWN,0 LANSDOWNE ST,4/8/20 19:43,GANG ACTIVITY IN QUINCY,,,"MENZ, JAMES",5298,,
MALE,32,BLACK,UNKNOWN,0 LANSDOWNE ST,4/8/20 19:43,GANG ACTIVITY IN QUINCY,,,"MENZ, JAMES",5298,,
MALE,33,BLACK,UNKNOWN,0 LANSDOWNE ST,4/8/20 19:43,GANG ACTIVITY IN QUINCY,,,"MENZ, JAMES",5298,,
FEMALE,18,BLACK,NOT OF HISPANIC ORIGIN,439 NEWPORT AV,4/15/20 12:00,BOSTON STABBING,,,"MENZ, JAMES",5298,,
FEMALE,26,BLACK,UNKNOWN,439 NEWPORT AV,4/15/20 12:00,BOSTON STABBING,,,"MENZ, JAMES",5298,,
MALE,17,BLACK,UNKNOWN,439 NEWPORT AV,4/15/20 12:00,BOSTON STABBING,,,"MENZ, JAMES",5298,,
MALE,32,BLACK,UNKNOWN,205 ELM ST,4/28/20 14:45,,,,"MENZ, JAMES",5298,,
MALE,32,WHITE,NOT OF HISPANIC ORIGIN,81 SACHEM ST,5/5/20 10:00,,,,"KELLY, JOHN",6216,,
FEMALE,28,WHITE,NOT OF HISPANIC ORIGIN,,5/8/20 0:00,,,,"MENZ, JAMES",5298,,
MALE,20,WHITE,NOT OF HISPANIC ORIGIN,,5/8/20 0:00,,,,"MENZ, JAMES",5298,,
MALE,30,BLACK,UNKNOWN,583 ADAMS ST,5/15/20 0:00,RECORDING OFFICERS,,,"MENZ, JAMES",5298,,
MALE,21,BLACK,UNKNOWN,,5/20/20 8:00,,,,"MENZ, JAMES",5298,,
MALE,41,BLACK,UNKNOWN,,5/22/20 0:49,FIREARM POSSESSION,,,"MENZ, JAMES",5298,,
FEMALE,41,BLACK,HISPANIC ORIGIN,0 LOWE ST,5/16/20 9:50,,,,", ",,,
FEMALE,61,WHITE,NOT OF HISPANIC ORIGIN,1300 HANCOCK ST,6/2/20 18:00,,,,"MENZ, JAMES",5298,,
MALE,21,BLACK,NOT OF HISPANIC ORIGIN,,6/4/20 8:00,FIREWORKS,,,"MENZ, JAMES",5298,,
MALE,40,WHITE,NOT OF HISPANIC ORIGIN,137 QUINCY ST,6/2/20 13:59,FIREWORKS,,,"MENZ, JAMES",5298,,
MALE,49,WHITE,NOT OF HISPANIC ORIGIN,550 VICTORY RD,6/2/20 12:00,,,,"MENZ, JAMES",5298,,
FEMALE,30,WHITE,NOT OF HISPANIC ORIGIN,55 PRESIDENTS AV,6/11/20 8:00,,,,", ",,,
MALE,37,WHITE,NOT OF HISPANIC ORIGIN,401 QUINCY SHORE DR,6/9/20 1:50,,,,"REILLY, MICHAEL",5889,,
MALE,42,WHITE,NOT OF HISPANIC ORIGIN,401 QUINCY SHORE DR,6/9/20 1:50,,,,"REILLY, MICHAEL",5889,,
MALE,22,WHITE,HISPANIC ORIGIN,173 RICCIUTI DR,6/10/20 0:30,,,,"LE, THIEN",5980,,
MALE,27,BLACK,NOT OF HISPANIC ORIGIN,,6/16/20 5:27,,,,"MENZ, JAMES",5298,,
MALE,34,BLACK,NOT OF HISPANIC ORIGIN,247 CENTRAL AV N,7/1/20 0:00,,,,"MENZ, JAMES",5298,,
MALE,51,WHITE,NOT OF HISPANIC ORIGIN,0 FURNACE BROOK PRKWY,7/2/20 12:30,1%ER BIKER,,,"MENZ, JAMES",5298,,
MALE,39,WHITE,NOT OF HISPANIC ORIGIN,330 HANCOCK ST,7/2/20 12:45,,,,"MENZ, JAMES",5298,,
MALE,39,WHITE,HISPANIC ORIGIN,239 INDEPENDENCE AV,7/4/20 5:36,,,,"WALKER, JOSHUA",9998,,
FEMALE,39,WHITE,NOT OF HISPANIC ORIGIN,,7/11/20 8:00,TIP,,,"MENZ, JAMES",5298,,
MALE,41,WHITE,NOT OF HISPANIC ORIGIN,,7/11/20 8:00,TIP,,,"MENZ, JAMES",5298,,
MALE,53,WHITE,NOT OF HISPANIC ORIGIN,,7/11/20 11:00,CRYSTAL METH DEALER,,,"MENZ, JAMES",5298,,
MALE,50,WHITE,NOT OF HISPANIC ORIGIN,18 POPLAR RD,7/3/20 16:00,,,,"MENZ, JAMES",5298,,
FEMALE,22,WHITE,NOT OF HISPANIC ORIGIN,39 SUOMI RD,7/12/20 0:00,,,,"MENZ, JAMES",5298,,
MALE,37,BLACK,UNKNOWN,39 SUOMI RD,7/12/20 0:00,,,,"MENZ, JAMES",5298,,
MALE,40,WHITE,NOT OF HISPANIC ORIGIN,333 RICCIUTI DR,7/15/20 0:00,,,,"MENZ, JAMES",5298,,
MALE,21,WHITE,NOT OF HISPANIC ORIGIN,15 ANDERSON RD,7/16/20 10:00,,,,"TOBIN, KEVIN",6208,,
MALE,22,WHITE,NOT OF HISPANIC ORIGIN,15 ANDERSON RD,7/16/20 10:00,,,,"TOBIN, KEVIN",6208,,
FEMALE,47,WHITE,NOT OF HISPANIC ORIGIN,18 POPLAR RD,7/16/20 18:00,,,,"MENZ, JAMES",5298,,
MALE,16,WHITE,NOT OF HISPANIC ORIGIN,,7/20/20 8:00,POSSIBLE GANG AFFILIATION,,,"MENZ, JAMES",5298,,
MALE,36,WHITE,NOT OF HISPANIC ORIGIN,,7/22/20 13:45,,,,"MENZ, JAMES",5298,,
FEMALE,29,WHITE,NOT OF HISPANIC ORIGIN,64 ROYAL ST,7/25/20 23:00,FELONY ARREST IN PROVIDENCE RI,,,"MENZ, JAMES",5298,,
FEMALE,35,WHITE,NOT OF HISPANIC ORIGIN,17 DAYTON ST,7/31/20 7:45,,,,"MENZ, JAMES",5298,,
MALE,32,WHITE,NOT OF HISPANIC ORIGIN,17 DAYTON ST,7/31/20 7:45,,,,"MENZ, JAMES",5298,,
MALE,39,WHITE,NOT OF HISPANIC ORIGIN,17 DAYTON ST,7/31/20 7:45,,,,"MENZ, JAMES",5298,,
MALE,27,BLACK,UNKNOWN,115 MERRYMOUNT RD,8/6/20 9:09,MURDER VICTIM,,,"MENZ, JAMES",5298,,
MALE,35,BLACK,NOT OF HISPANIC ORIGIN,133 TAFFRAIL RD,8/13/20 19:00,,,,"DONNELLY, RYAN",5528,,
MALE,41,BLACK,UNKNOWN,133 TAFFRAIL RD,8/13/20 19:00,,,,"DONNELLY, RYAN",5528,,
MALE,18,BLACK,NOT OF HISPANIC ORIGIN,32 PALMER ST,8/13/20 17:59,FIREARM/DRUG DISTR ARREST,,,"MENZ, JAMES",5298,,
MALE,24,WHITE,NOT OF HISPANIC ORIGIN,,8/24/20 16:00,MURDER INVESTIGATION,,,"MENZ, JAMES",5298,,
MALE,40,WHITE,HISPANIC ORIGIN,0 MCGRATH HWY,8/22/20 19:00,,,,"TOBIN, MATTHEW",9654,,
MALE,50,BLACK,UNKNOWN,0 MCGRATH HWY,8/22/20 19:00,,,,"TOBIN, MATTHEW",9654,,
MALE,27,WHITE,HISPANIC ORIGIN,166 QUINCY SHORE DR,8/26/20 10:00,OPEN FIREARMS CHARGES,,,"MENZ, JAMES",5298,,
MALE,36,BLACK,NOT OF HISPANIC ORIGIN,,8/31/20 12:15,,,,"MENZ, JAMES",5298,,
MALE,32,WHITE,NOT OF HISPANIC ORIGIN,1500 HANCOCK ST,9/4/20 10:30,THREATS TO NAVY 85 SEA ST,,,"MENZ, JAMES",5298,,
MALE,27,BLACK,NOT OF HISPANIC ORIGIN,,9/9/20 10:00,GUNS/DRUGS,,,"MENZ, JAMES",5298,,
MALE,20,BLACK,UNKNOWN,115 FEDERAL AV,9/7/20 22:28,FIREARM POSSESSION,,,"MENZ, JAMES",5298,,
MALE,38,WHITE,NOT OF HISPANIC ORIGIN,44 FARRINGTON ST,9/21/20 8:00,B&E MV SUSPECT,,,"MENZ, JAMES",5298,,
MALE,31,ASIAN/PACIFIC ISLANDER,UNKNOWN,50 CENTRAL AV N,9/22/20 11:00,,,,", ",,,
FEMALE,59,WHITE,,2001 FALLS BLVD,9/22/20 18:34,SP BEHAVIOR,,,"MENZ, JAMES",5298,,
MALE,21,WHITE,NOT OF HISPANIC ORIGIN,138 ELM AV E,10/1/20 9:00,TAGGING SUSPECT,,,"MENZ, JAMES",5298,,
FEMALE,32,BLACK,UNKNOWN,308 WILLARD ST,10/1/20 11:54,KNOWN FRAUD PARTICIPANT,,,"MENZ, JAMES",5298,,
MALE,30,BLACK,NOT OF HISPANIC ORIGIN,308 WILLARD ST,10/1/20 11:54,KNOWN FRAUD PARTICIPANT,,,"MENZ, JAMES",5298,,
MALE,42,WHITE,NOT OF HISPANIC ORIGIN,,10/2/20 11:27,POSSIBLE FIREARM POSSESSION,,,"TAPPER, RICHARD",5622,,
MALE,,BLACK,UNKNOWN,,10/10/20 9:00,ARMED ROBBERIES FIREARM,,,"MENZ, JAMES",5298,,
MALE,18,BLACK,UNKNOWN,,10/10/20 9:00,ARMED ROBBERIES FIREARM,,,"MENZ, JAMES",5298,,
MALE,20,BLACK,UNKNOWN,,10/10/20 9:00,ARMED ROBBERIES FIREARM,,,"MENZ, JAMES",5298,,
MALE,21,BLACK,UNKNOWN,,10/10/20 9:00,ARMED ROBBERIES FIREARM,,,"MENZ, JAMES",5298,,
MALE,22,BLACK,HISPANIC ORIGIN,,10/10/20 9:00,ARMED ROBBERIES FIREARM,,,"MENZ, JAMES",5298,,
MALE,22,BLACK,UNKNOWN,,10/10/20 9:00,ARMED ROBBERIES FIREARM,,,"MENZ, JAMES",5298,,
MALE,23,BLACK,UNKNOWN,,10/10/20 9:00,ARMED ROBBERIES FIREARM,,,"MENZ, JAMES",5298,,
MALE,28,BLACK,UNKNOWN,,10/10/20 9:00,ARMED ROBBERIES FIREARM,,,"MENZ, JAMES",5298,,
MALE,28,BLACK,UNKNOWN,98 INTERVALE ST,10/14/20 16:00,BROCKTON HOMICIDE INVESTIGATION,,,"MENZ, JAMES",5298,,
MALE,29,BLACK,UNKNOWN,98 INTERVALE ST,10/14/20 16:00,BROCKTON HOMICIDE INVESTIGATION,,,"MENZ, JAMES",5298,,
MALE,39,WHITE,NOT OF HISPANIC ORIGIN,185 BURGIN PRKWY,10/20/20 0:01,LIKELY B&E MV ACTIVITY,,,"LE, THIEN",5980,,
MALE,45,WHITE,NOT OF HISPANIC ORIGIN,185 BURGIN PRKWY,10/20/20 0:01,LIKELY B&E MV ACTIVITY,,,"LE, THIEN",5980,,
MALE,50,WHITE,NOT OF HISPANIC ORIGIN,185 BURGIN PRKWY,10/20/20 0:01,LIKELY B&E MV ACTIVITY,,,"LE, THIEN",5980,,
MALE,30,WHITE,NOT OF HISPANIC ORIGIN,0 CRANCH ST,9/7/20 7:15,,,,"MCKIM, RONALD",4372,,
MALE,21,ASIAN/PACIFIC ISLANDER,UNKNOWN,0 RICCIUTI DR,6/10/20 1:00,TRESPASSER,,,"BROKMEIER, MICHAEL",7997,,
MALE,74,WHITE,NOT OF HISPANIC ORIGIN,34 BUTLER RD,6/21/20 18:27,TRESPASSING,,,"SULLIVAN, JAMES",2954,,
MALE,27,WHITE,NOT OF HISPANIC ORIGIN,384 WATER ST,9/7/20 0:10,SP ACTIVITY,,,"GOLDRICK, JAMES",7157,,
MALE,,BLACK,HISPANIC ORIGIN,,10/20/20 23:30,MAILBOX FISHING,,,"MENZ, JAMES",5298,,
MALE,29,BLACK,HISPANIC ORIGIN,,10/20/20 23:30,MAILBOX FISHING,,,"MENZ, JAMES",5298,,
MALE,18,WHITE,HISPANIC ORIGIN,87 FEDERAL AV,10/25/20 21:05,POSSIBLE CARJACKING SUSPECT,,,"MENZ, JAMES",5298,,
FEMALE,32,WHITE,NOT OF HISPANIC ORIGIN,,10/24/20 0:00,94C DISTR ARRESTS BY NJSP,,,"MENZ, JAMES",5298,,
MALE,54,WHITE,NOT OF HISPANIC ORIGIN,,10/24/20 0:00,94C DISTR ARRESTS BY NJSP,,,"MENZ, JAMES",5298,,
MALE,47,WHITE,NOT OF HISPANIC ORIGIN,124 MERRYMOUNT RD,11/3/20 8:00,BANK ROBBERY SUSPECT,,,"MENZ, JAMES",5298,,
MALE,45,,NOT OF HISPANIC ORIGIN,73 YOUNG ST,1/8/19 13:59,MARIJUANA 20 LBS,,,", ",,,
MALE,20,BLACK,HISPANIC ORIGIN,520 WASHINGTON ST,11/11/20 7:11,OUTSIDE AGENCY ARREST IN QUINCY,,,", ",,,
MALE,35,WHITE,NOT OF HISPANIC ORIGIN,20 INDEPENDENCE AV,11/12/20 20:17,ON DRUGS/B&E OFFENDER,,,"GOLDRICK, JAMES",7157,,
FEMALE,35,WHITE,NOT OF HISPANIC ORIGIN,0 FRANKLIN ST,11/13/20 21:14,BRAINTREE ARMED ROBBERY,,,"DONNELLY, RYAN",5528,,
MALE,27,BLACK,NOT OF HISPANIC ORIGIN,0 FRANKLIN ST,11/13/20 21:14,BRAINTREE ARMED ROBBERY,,,"DONNELLY, RYAN",5528,,
MALE,27,BLACK,UNKNOWN,0 FRANKLIN ST,11/13/20 21:14,BRAINTREE ARMED ROBBERY,,,"DONNELLY, RYAN",5528,,
MALE,28,BLACK,NOT OF HISPANIC ORIGIN,0 FRANKLIN ST,11/13/20 21:14,BRAINTREE ARMED ROBBERY,,,"DONNELLY, RYAN",5528,,
FEMALE,34,WHITE,UNKNOWN,0 HANCOCK ST,11/23/20 14:00,ROMANIAN GYPSY SCAMMERS,,,"MENZ, JAMES",5298,,
FEMALE,38,WHITE,UNKNOWN,0 HANCOCK ST,11/23/20 14:00,ROMANIAN GYPSY SCAMMERS,,,"MENZ, JAMES",5298,,
MALE,40,WHITE,UNKNOWN,0 HANCOCK ST,11/23/20 14:00,ROMANIAN GYPSY SCAMMERS,,,"MENZ, JAMES",5298,,
MALE,54,WHITE,NOT OF HISPANIC ORIGIN,377 WILLARD ST,11/24/20 10:00,KNOWN ARMORED CAR ROBBER,,,"MENZ, JAMES",5298,,
MALE,37,WHITE,NOT OF HISPANIC ORIGIN,661 ADAMS ST,11/29/20 6:35,KNOWN B&E OFFENDER,,,"MENZ, JAMES",5298,,
MALE,22,BLACK,NOT OF HISPANIC ORIGIN,126 GRANITE ST,11/29/20 18:39,HOSTILE TOWARDS POLICE,,,"MILLIKEN, SEAN",8993,,
MALE,25,WHITE,NOT OF HISPANIC ORIGIN,76 FARRINGTON ST,11/25/20 3:08,SP ACTIVITY,,,"SORGI, EVAN",7820,,
MALE,33,WHITE,NOT OF HISPANIC ORIGIN,0 ARLINGTON ST,12/9/20 22:09,KNOWN B&E TYPE OFFENDER,,,"ROSENTHAL, DANIEL",2219,,
MALE,28,BLACK,HISPANIC ORIGIN,0 HANCOCK ST,11/20/20 15:52,MAILBOX FISHING,,,"MENZ, JAMES",5298,,
MALE,29,BLACK,HISPANIC ORIGIN,0 HANCOCK ST,11/20/20 15:52,MAILBOX FISHING,,,"MENZ, JAMES",5298,,
MALE,33,BLACK,NOT OF HISPANIC ORIGIN,275 HANCOCK ST,12/14/20 1:00,WANTED PERSON,,,"MENZ, JAMES",5298,,
MALE,32,WHITE,NOT OF HISPANIC ORIGIN,30 ELLIS ST,12/20/20 20:00,THREATS,,,"MENZ, JAMES",5298,,
MALE,25,BLACK,NOT OF HISPANIC ORIGIN,144 QUINCY SHORE DR,12/25/20 20:14,,,,"MENZ, JAMES",5298,,
MALE,26,BLACK,UNKNOWN,144 QUINCY SHORE DR,12/25/20 20:14,,,,"MENZ, JAMES",5298,,
MALE,33,BLACK,NOT OF HISPANIC ORIGIN,10 PRESIDENTS LN,1/3/21 14:00,B&E VEHICLE SUSPECT,,,"MENZ, JAMES",5298,,
MALE,72,WHITE,NOT OF HISPANIC ORIGIN,18 POPLAR RD,1/3/21 9:45,LIKELY DRUG ACTIVITY,,,"MENZ, JAMES",5298,,
FEMALE,31,BLACK,NOT OF HISPANIC ORIGIN,,10/31/20 0:00,POSSIBLE FALSE REPORT OF CRIME,,,"MENZ, JAMES",5298,,
MALE,32,BLACK,UNKNOWN,,10/31/20 0:00,POSSIBLE FALSE REPORT OF CRIME,,,"MENZ, JAMES",5298,,
MALE,44,WHITE,NOT OF HISPANIC ORIGIN,0 HANCOCK ST,12/30/20 2:15,SP PARTY,,,"HARRINGTON, SEAN",9655,,
MALE,18,BLACK,NOT OF HISPANIC ORIGIN,,1/5/21 18:00,POSS. FIREARM POSSESSION,,,"MENZ, JAMES",5298,,
MALE,19,BLACK,HISPANIC ORIGIN,0 HANCOCK ST,1/16/21 20:14,POSSIBLE FIREARM POSSESSION,,,"MENZ, JAMES",5298,,
MALE,25,BLACK,HISPANIC ORIGIN,0 FURNACE BROOK PRKWY,1/8/21 19:37,POSSIBLE FIREARM POSSESSION,,,"MENZ, JAMES",5298,,
MALE,29,WHITE,UNKNOWN,0 FURNACE BROOK PRKWY,1/8/21 19:37,POSSIBLE FIREARM POSSESSION,,,"MENZ, JAMES",5298,,
MALE,20,BLACK,UNKNOWN,0 WILLARD ST,1/20/21 13:14,POSS FIREARM POSSESSION/HIDE,,,"MENZ, JAMES",5298,,
MALE,23,BLACK,NOT OF HISPANIC ORIGIN,0 WILLARD ST,1/20/21 13:14,POSS FIREARM POSSESSION/HIDE,,,"MENZ, JAMES",5298,,
MALE,30,BLACK,UNKNOWN,2 HANCOCK ST,1/20/21 0:00,TRAFFICKING 94C ARREST,,,"MENZ, JAMES",5298,,
MALE,34,,,,1/29/21 13:11,BOMBS,,,"MENZ, JAMES",5298,,
MALE,22,BLACK,UNKNOWN,,2/2/21 14:00,,,,"MENZ, JAMES",5298,,
MALE,20,,,,6/13/19 3:59,FIREARM POSSESSION,,,"MENZ, JAMES",5298,,
MALE,22,BLACK,UNKNOWN,,2/19/21 16:42,POSS. FIREARM POSSESSION,,,", ",,,
MALE,29,BLACK,UNKNOWN,,2/19/21 16:42,POSS. FIREARM POSSESSION,,,", ",,,
MALE,31,BLACK,NOT OF HISPANIC ORIGIN,71 SOUTH ST,1/20/21 8:00,LTC APPLICANT,,,"MENZ, JAMES",5298,,
MALE,42,WHITE,NOT OF HISPANIC ORIGIN,0 MARTENSEN ST,2/11/21 1:09,SP PARTY 0109AM,,,"WATERMAN, CHARLES",9661,,
MALE,52,WHITE,NOT OF HISPANIC ORIGIN,301 FALLS BLVD,1/11/21 20:41,MASTERBATER,,,"GOLDRICK, JAMES",7157,,
MALE,39,WHITE,NOT OF HISPANIC ORIGIN,780 WASHINGTON ST,1/20/21 0:15,SP PARTIES / TWIN RIVERS,,,"FRASSO, NICHOLAS",9673,,
MALE,41,WHITE,NOT OF HISPANIC ORIGIN,115 SQUANTUM ST W,2/24/21 19:38,SP PERSON,,,", ",,,
MALE,22,BLACK,HISPANIC ORIGIN,,2/25/21 6:46,FIREARM ARREST IN BOSTON,,,"MENZ, JAMES",5298,,
MALE,40,WHITE,NOT OF HISPANIC ORIGIN,41 NIGHTINGALE AV,2/26/21 12:00,FELON/POLICE EQUIPMENT,,,"MENZ, JAMES",5298,,
MALE,50,WHITE,UNKNOWN,0 QUINCY SHORE DR,3/1/21 3:47,SP PARTY,,,"WATERMAN, CHARLES",9661,,
MALE,30,WHITE,NOT OF HISPANIC ORIGIN,141 NEWPORT AV,2/26/21 7:00,SP PARTY,,,"SORGI, EVAN",7820,,
MALE,28,WHITE,NOT OF HISPANIC ORIGIN,47 HOLMES ST,3/3/21 4:17,SP PERSON,,,"MENZ, JAMES",5298,,
MALE,39,BLACK,UNKNOWN,671 WASHINGTON ST,3/6/21 8:43,6 FIREARMS RECOVERED,,,"CLEARY, THOMAS",8979,,
MALE,34,WHITE,NOT OF HISPANIC ORIGIN,67 SAFFORD ST,3/4/21 1:10,SP PARTY,,,"WOOD, KENNETH",210,,
MALE,47,WHITE,HISPANIC ORIGIN,27 VASSALL ST,3/3/21 3:30,NEWSPAPER DELIVERYMAN,,,"WATERMAN, CHARLES",9661,,
MALE,28,WHITE,UNKNOWN,59 VASSALL ST,3/3/21 0:53,,,,", ",,,
MALE,27,BLACK,NOT OF HISPANIC ORIGIN,0 ATLANTIC ST,3/3/21 1:23,,,,", ",,,
MALE,55,WHITE,NOT OF HISPANIC ORIGIN,0 CENTRAL AV N,3/3/21 1:10,SP PERSON,,,"PARISI, JAMES",7103,,
MALE,40,WHITE,NOT OF HISPANIC ORIGIN,0 MCGRATH HWY,3/9/21 14:00,SP PERSON,,,"FLYNN, DAVID",9664,,
MALE,22,BLACK,UNKNOWN,4 AVALON DR,3/17/21 22:24,RANDOLPH PD FAIL TO STOP,,,", ",,,
MALE,19,BLACK,UNKNOWN,0 BURGIN PRKWY EXT,3/26/21 7:23,POLICE SHOOTING,,,", ",,,
MALE,37,WHITE,UNKNOWN,0 BURGIN PRKWY EXT,3/26/21 7:23,POLICE SHOOTING,,,", ",,,
MALE,41,BLACK,UNKNOWN,0 BURGIN PRKWY EXT,3/26/21 7:23,POLICE SHOOTING,,,", ",,,
MALE,48,WHITE,NOT OF HISPANIC ORIGIN,,1/9/21 0:00,COPPER THIEVES,,,"MENZ, JAMES",5298,,
MALE,35,WHITE,NOT OF HISPANIC ORIGIN,,4/4/21 0:00,BOSTON STABBING/QUINCY RESIDENT,,,"MENZ, JAMES",5298,,
MALE,37,BLACK,UNKNOWN,276 WATER ST,4/6/21 12:05,KNOWN GANG HOUSE,,,"MENZ, JAMES",5298,,
MALE,25,BLACK,UNKNOWN,0 COTTAGE AV,4/6/21 12:15,SP PARTY,,,"MENZ, JAMES",5298,,
MALE,37,WHITE,NOT OF HISPANIC ORIGIN,,4/7/21 14:00,THREATS TO HARM LAW ENFORCEMENT,,,"MENZ, JAMES",5298,,
MALE,37,WHITE,NOT OF HISPANIC ORIGIN,1 SEA ST,3/25/21 15:11,SP ACTIVITY,,,"DOUGAN, MICHAEL",5897,,
FEMALE,25,BLACK,NOT OF HISPANIC ORIGIN,130 GRANITE ST,3/11/21 22:30,WANTED FOR MURDER,,,"MENZ, JAMES",5298,,
MALE,26,BLACK,NOT OF HISPANIC ORIGIN,130 GRANITE ST,3/11/21 22:30,WANTED FOR MURDER,,,"MENZ, JAMES",5298,,
MALE,32,WHITE,NOT OF HISPANIC ORIGIN,97 DUNDEE RD,4/14/21 18:52,ANTI POLICE HATRED,,,"FLYNN, DAVID",9664,,
MALE,27,,NOT OF HISPANIC ORIGIN,183 NORFOLK ST,4/13/21 18:57,SIGNIFICANT TRAFFICKING MARIJUANA INCIDENT,,,"KARVELIS, JAMES",1783,,
MALE,32,,NOT OF HISPANIC ORIGIN,183 NORFOLK ST,4/13/21 18:57,SIGNIFICANT TRAFFICKING MARIJUANA INCIDENT,,,"KARVELIS, JAMES",1783,,
MALE,46,ASIAN/PACIFIC ISLANDER,NOT OF HISPANIC ORIGIN,183 NORFOLK ST,4/13/21 18:57,SIGNIFICANT TRAFFICKING MARIJUANA INCIDENT,,,"KARVELIS, JAMES",1783,,
MALE,49,BLACK,NOT OF HISPANIC ORIGIN,0 HANCOCK ST,4/20/21 16:34,BOSTON SHOOTING,,,"MENZ, JAMES",5298,,
MALE,39,BLACK,UNKNOWN,1 ARLINGTON ST,4/26/21 14:45,ACTIVE WARRANTS,,,"CASSIDY, JAMES",5544,,
FEMALE,27,WHITE,NOT OF HISPANIC ORIGIN,27 WATER ST,4/27/21 11:00,STOUGHTON SHOOTING,,,"MENZ, JAMES",5298,,
FEMALE,37,BLACK,HISPANIC ORIGIN,27 WATER ST,4/27/21 11:00,STOUGHTON SHOOTING,,,"MENZ, JAMES",5298,,
MALE,20,BLACK,UNKNOWN,27 WATER ST,4/27/21 11:00,STOUGHTON SHOOTING,,,"MENZ, JAMES",5298,,
MALE,31,WHITE,HISPANIC ORIGIN,158 WASHINGTON ST,5/9/21 8:00,THREATS TO A PASTOR,,,"MENZ, JAMES",5298,,
FEMALE,34,BLACK,HISPANIC ORIGIN,96 WASHINGTON ST,5/10/21 14:00,WANTED FUGITIVE,,,"MENZ, JAMES",5298,,
MALE,28,BLACK,HISPANIC ORIGIN,96 WASHINGTON ST,5/10/21 14:00,WANTED FUGITIVE,,,"MENZ, JAMES",5298,,
MALE,31,ASIAN/PACIFIC ISLANDER,,10 FAXON AV,5/11/21 0:38,SUICIDAL/ACTIVE QUINCY LTC,,,"MENZ, JAMES",5298,,
MALE,19,WHITE,HISPANIC ORIGIN,,5/18/21 13:00,POSS. PAST HOME INVASION,,,"MENZ, JAMES",5298,,
MALE,20,BLACK,NOT OF HISPANIC ORIGIN,,5/18/21 13:00,POSS. PAST HOME INVASION,,,"MENZ, JAMES",5298,,
FEMALE,29,BLACK,NOT OF HISPANIC ORIGIN,,5/18/21 1:37,FIREARM VIOL,,,"MENZ, JAMES",5298,,
FEMALE,30,BLACK,UNKNOWN,6 HIGHPOINT CIR,5/25/21 2:58,DISORDER,,,"MENZ, JAMES",5298,,
MALE,28,BLACK,UNKNOWN,6 HIGHPOINT CIR,5/25/21 2:58,DISORDER,,,"MENZ, JAMES",5298,,
MALE,37,WHITE,NOT OF HISPANIC ORIGIN,0 POST ISLAND RD,5/24/21 19:45,,,,"MENZ, JAMES",5298,,
FEMALE,31,WHITE,NOT OF HISPANIC ORIGIN,138 WILLARD ST,5/27/21 0:00,STOLEN GOODS,,,"MENZ, JAMES",5298,,
MALE,34,WHITE,NOT OF HISPANIC ORIGIN,138 WILLARD ST,5/27/21 0:00,STOLEN GOODS,,,"MENZ, JAMES",5298,,
MALE,21,BLACK,NOT OF HISPANIC ORIGIN,,6/2/21 16:00,RECENT QPD FIREARM ARREST,YES,,"MENZ, JAMES",5298,,
MALE,24,WHITE,NOT OF HISPANIC ORIGIN,41 WALL ST,6/12/21 1:06,WANTED BY BOSTON PD/SEE CAD,,,"MENZ, JAMES",5298,,
MALE,20,BLACK,UNKNOWN,,6/22/21 15:00,TARGET FOR MURDER,,,"MENZ, JAMES",5298,,
MALE,24,BLACK,NOT OF HISPANIC ORIGIN,,6/23/21 23:00,SHOOTING IN RANDOLPH,,,"MENZ, JAMES",5298,,
MALE,25,BLACK,UNKNOWN,,6/23/21 23:00,SHOOTING IN RANDOLPH,,,"MENZ, JAMES",5298,,
MALE,39,WHITE,NOT OF HISPANIC ORIGIN,,7/6/21 12:00,METH USER,,,"MENZ, JAMES",5298,,
MALE,23,BLACK,HISPANIC ORIGIN,0 WILLARD ST,7/7/21 21:04,KNOWN B&E OFFENDER,,,"MENZ, JAMES",5298,,
FEMALE,22,WHITE,NOT OF HISPANIC ORIGIN,60 QUARTERDECK RD,7/16/21 11:00,FIREARM/DRUGS,,,"MENZ, JAMES",5298,,
MALE,24,WHITE,NOT OF HISPANIC ORIGIN,60 QUARTERDECK RD,7/16/21 11:00,FIREARM/DRUGS,,,"MENZ, JAMES",5298,,
MALE,26,BLACK,HISPANIC ORIGIN,60 QUARTERDECK RD,7/16/21 11:00,FIREARM/DRUGS,,,"MENZ, JAMES",5298,,
MALE,26,BLACK,UNKNOWN,,7/17/21 8:21,FIREARM SHOWN,,,"MENZ, JAMES",5298,,
MALE,41,BLACK,HISPANIC ORIGIN,0 HANCOCK ST,7/18/21 10:36,MILTON/S. BOSTON STABBINGS,,,"MENZ, JAMES",5298,,
MALE,15,BLACK,NOT OF HISPANIC ORIGIN,,7/28/21 10:45,KNOWN TO ASSOCIATE,,,"MENZ, JAMES",5298,,
MALE,16,BLACK,NOT OF HISPANIC ORIGIN,,7/28/21 10:45,KNOWN TO ASSOCIATE,,,"MENZ, JAMES",5298,,
MALE,16,BLACK,UNKNOWN,,7/28/21 10:45,KNOWN TO ASSOCIATE,,,"MENZ, JAMES",5298,,
MALE,16,WHITE,NOT OF HISPANIC ORIGIN,,7/28/21 10:45,KNOWN TO ASSOCIATE,,,"MENZ, JAMES",5298,,
MALE,16,BLACK,NOT OF HISPANIC ORIGIN,318 HANCOCK ST,7/28/21 12:00,POSS B&E SUSPECT,,,"SWEETLAND, ROBERT",5586,,
FEMALE,64,BLACK,UNKNOWN,158 MAIN ST,8/6/21 17:18,BOSTON SHOOTING SUSPECT,,,"MENZ, JAMES",5298,,
MALE,20,BLACK,NOT OF HISPANIC ORIGIN,158 MAIN ST,8/6/21 17:18,BOSTON SHOOTING SUSPECT,,,"MENZ, JAMES",5298,,
MALE,19,BLACK,NOT OF HISPANIC ORIGIN,38 WARWICK ST,8/12/21 18:24,FIREARM POSSESSION,,,"MENZ, JAMES",5298,,
MALE,36,WHITE,UNKNOWN,162 COPELAND ST,8/18/21 8:24,BPD ARREST AND SW,,,"MENZ, JAMES",5298,,
,32,,,65 NEWPORT AV,8/22/21 21:10,SP PARTY,,,"FLYNN, DAVID",9664,,
MALE,35,BLACK,UNKNOWN,21 CHESTNUT ST,8/27/21 10:15,CHANGE OF ADDRESS,,,"MENZ, JAMES",5298,,
FEMALE,39,WHITE,NOT OF HISPANIC ORIGIN,0 HANCOCK ST,8/25/21 18:00,METH/FENTANYL DEALER,,,"MENZ, JAMES",5298,,
MALE,24,WHITE,NOT OF HISPANIC ORIGIN,,8/30/21 8:00,POSS FIREARM POSS/METH DEALER,,,"MENZ, JAMES",5298,,
FEMALE,25,BLACK,HISPANIC ORIGIN,2 HANCOCK ST,8/31/21 12:00,LTC DENIAL,,,"MENZ, JAMES",5298,,
MALE,35,BLACK,UNKNOWN,23 BAYSTATE RD,8/31/21 15:00,LTC DENIAL,,,"MENZ, JAMES",5298,,
FEMALE,47,WHITE,NOT OF HISPANIC ORIGIN,18 POPLAR RD,9/4/21 17:20,VERBAL DISPUTE,,,"MENZ, JAMES",5298,,
FEMALE,58,WHITE,NOT OF HISPANIC ORIGIN,18 POPLAR RD,9/4/21 17:20,VERBAL DISPUTE,,,"MENZ, JAMES",5298,,
MALE,50,WHITE,NOT OF HISPANIC ORIGIN,18 POPLAR RD,9/4/21 17:20,VERBAL DISPUTE,,,"MENZ, JAMES",5298,,
MALE,71,BLACK,NOT OF HISPANIC ORIGIN,0 QUINCY AV,9/14/21 11:30,STOLEN CELL PHONES,,,"MENZ, JAMES",5298,,
MALE,42,WHITE,NOT OF HISPANIC ORIGIN,481 QUINCY AV,9/12/21 3:00,,,,"MENZ, JAMES",5298,,
MALE,44,WHITE,NOT OF HISPANIC ORIGIN,481 QUINCY AV,9/12/21 3:00,,,,"MENZ, JAMES",5298,,
MALE,45,WHITE,NOT OF HISPANIC ORIGIN,481 QUINCY AV,9/12/21 3:00,,,,"MENZ, JAMES",5298,,
MALE,52,WHITE,NOT OF HISPANIC ORIGIN,481 QUINCY AV,9/12/21 3:00,,,,"MENZ, JAMES",5298,,
MALE,55,WHITE,NOT OF HISPANIC ORIGIN,481 QUINCY AV,9/12/21 3:00,,,,"MENZ, JAMES",5298,,
MALE,41,WHITE,NOT OF HISPANIC ORIGIN,0 HANCOCK ST,9/20/21 7:10,STABBING SUSPECT,,,"MENZ, JAMES",5298,,
FEMALE,29,WHITE,NOT OF HISPANIC ORIGIN,65 NEWPORT AV,9/23/21 19:30,SHOPLIFTERS,,,"MENZ, JAMES",5298,,
MALE,37,WHITE,NOT OF HISPANIC ORIGIN,65 NEWPORT AV,9/23/21 19:30,SHOPLIFTERS,,,"MENZ, JAMES",5298,,
MALE,23,BLACK,UNKNOWN,826 WILLARD ST,9/30/21 21:00,KNOWN DRUG DEALER,,,"MENZ, JAMES",5298,,